offre,entreprise,adresse,lien de description
Data Engineer DBT F/H,CGI,Montpellier,https://www.welcometothejungle.com/fr/companies/cgi/jobs/data-engineer-dbt-f-h_montpellier_CGI_3edjMGo
Ingénieur Data Visualisation / QlikSense confirmé(H/F),Thales,Vélizy-Villacoublay,https://www.welcometothejungle.com/fr/companies/thales/jobs/ingenieur-data-visualisation-qliksense-confirme-h-f_velizy
Data Engineer GCP (H/F),Thales,Vélizy-Villacoublay,https://www.welcometothejungle.com/fr/companies/thales/jobs/data-engineer-gcp-h-f_velizy-villacoublay_THALE_KVymZ60
Data Engineer - Services Financiers - Nantes,Sopra Steria,Nantes,https://www.welcometothejungle.com/fr/companies/sopra-steria/jobs/data-engineer-services-financiers-nantes_nantes_SS_NRzMJRW
Database Engineering Specialist (H/F),Thales,La Ciotat,https://www.welcometothejungle.com/fr/companies/thales/jobs/database-engineering-specialist-h-f_la-ciotat
Data Engineer Confirmé(e) - PySpark - (Dataiku) - Services Financiers - Ile de France,Sopra Steria,Paris,https://www.welcometothejungle.com/fr/companies/sopra-steria/jobs/data-engineer-confirme-pyspark-dataiku-services-financiers-ile-de-france_paris
Data Engineer Python (H/F/NB) - Paris,Keyrus,Levallois-Perret,https://www.welcometothejungle.com/fr/companies/keyrus/jobs/developpeur-euse-python-h-f-nb-paris_levallois
Consultant Data Engineer – Microsoft Fabric,Klint,Levallois-Perret,https://www.welcometothejungle.com/fr/companies/klint-consulting/jobs/consultant-data-engineer-microsoft-fabric_levallois-perret
Tech Lead Data Snowflake (F/H),Atos,Bezons,https://www.welcometothejungle.com/fr/companies/atos/jobs/tech-lead-data-snowflake-f-h_bezons
Cloud Data Engineer (H/F/NB),Keyrus,Levallois-Perret,https://www.welcometothejungle.com/fr/companies/keyrus/jobs/cloud-data-engineer-h-f-nb_levallois-perret
Big Data Engineer (H/F/NB),Keyrus,Levallois-Perret,https://www.welcometothejungle.com/fr/companies/keyrus/jobs/data-engineer-h-f-nb_levallois-perret
Consultant.e Data engineer confirmé.e,Kanbios,Paris,https://www.welcometothejungle.com/fr/companies/kanbios/jobs/consultant-e-data-engineer-confirme-e_paris
Lead Data Engineer,Kanbios,Paris,https://www.welcometothejungle.com/fr/companies/kanbios/jobs/consultant-e-gen-ai-engineer-senior_paris
Data Engineer Cloud GCP F/H,Matmut,Sotteville,https://www.welcometothejungle.com/fr/companies/matmut-fr/jobs/data-engineer-cloud-gcp-f-h_sotteville
Data Engineer - Practice Cloud Transformation chez MARGO,MARGO,Paris,https://www.welcometothejungle.com/fr/companies/margo/jobs/margo-analytics-data-engineer-h-f_paris
Product Support Engineering – Data Owner CFM56 et LEAP F/H,Safran Aircraft Engines,Montereau-sur-le-Jard,https://www.welcometothejungle.com/fr/companies/safran-aircraft-engines/jobs/product-support-engineering-data-owner-cfm56-et-leap-f-h_montereau-sur-le-jard
Data Engineer,Lucky cart,Paris,https://www.welcometothejungle.com/fr/companies/lucky-cart/jobs/data-engineer_paris_LC_dAJD52Z
Data Engineer,Karmen,Paris,https://www.welcometothejungle.com/fr/companies/karmen/jobs/data-engineer_paris_KARME_W6qRgzV
Data Engineer Databricks - Paris,Bial-X,Paris,https://www.welcometothejungle.com/fr/companies/bial-x/jobs/data-engineer-databricks-strasbourg_strasbourg
Data Engineer Databricks - Strasbourg,Bial-X,Strasbourg,https://www.welcometothejungle.com/fr/companies/bial-x/jobs/data-engineer-databricks-strasbourg_strasbourg_BIALX_AJVWXQ
Data Engineer Fabric - Strasbourg,Bial-X,Strasbourg,https://www.welcometothejungle.com/fr/companies/bial-x/jobs/data-engineer-fabric-strasbourg_strasbourg
Data Engineer Fabric - Lyon,Bial-X,"Lyon, Limonest",https://www.welcometothejungle.com/fr/companies/bial-x/jobs/data-engineer-fabric-lyon
Data Engineer,Bial-X,"Paris, Lyon, Strasbourg…",https://www.welcometothejungle.com/fr/companies/bial-x/jobs/data-engineering_BIALX_wJlwbe1
Data Engineer Databricks - Lyon,Bial-X,"Lyon, Limonest",https://www.welcometothejungle.com/fr/companies/bial-x/jobs/data-engineer-databricks-lyon_strasbourg
Data Engineer Fabric - Paris,Bial-X,Paris,https://www.welcometothejungle.com/fr/companies/bial-x/jobs/data-engineer-fabric-paris_paris
Data Engineer/Analyst H/F,Cba Informatique,Avignon,https://www.welcometothejungle.com/fr/companies/cba-informatique/jobs/data-engineer-analyst-h-f_avignon_CI_xQ5kVpY
Analytics Engineer,Tomorro,Paris,https://www.welcometothejungle.com/fr/companies/tomorro/jobs/analytics-engineer_paris
Data Engineer (H/F),PulseLife (ex 360 medics),Lyon,https://www.welcometothejungle.com/fr/companies/pulselife/jobs/data-engineer-h-f_lyon_PE3M_qyKVe7q
Senior Data Engineer,Skello,Paris,https://www.welcometothejungle.com/fr/companies/skello/jobs/data-engineer-h-f_paris
Stage - Consultant Data / IAG Ingénieur  - Paris,Cartelis Conseil,Paris,https://www.welcometothejungle.com/fr/companies/cartelis/jobs/data-scientist-engineer-stage_paris
Analytics Engineer,Nabla,Paris,https://www.welcometothejungle.com/fr/companies/nabla/jobs/analytics-engineer-data-lead_paris
Data engineer,Fulll,Aix-en-Provence,https://www.welcometothejungle.com/fr/companies/fulll/jobs/data-engineer_aix-en-provence
Senior Director  Data & AI Engineering,Publicis Sapient,Paris,https://www.welcometothejungle.com/fr/companies/publicis-sapient/jobs/senior-director-data-ai-engineering_paris_PS_jJN3d5l
Data Engineer - CDI,Chance,Paris,https://www.welcometothejungle.com/fr/companies/chance/jobs/data-engineer-cdi_paris
Stage Consultant(e) Junior Data Engineer (H/F),SETEC,Lyon,https://www.welcometothejungle.com/fr/companies/setec/jobs/consultant-junior-date-engineer-h-f_lyon
Data Engineer AWS / Databricks (H/F),Tata Consultancy Services France- TCS,Suresnes,https://www.welcometothejungle.com/fr/companies/tata-consultancy-services/jobs/data-engineer-aws-databricks-h-f_suresnes
Data-Ops Engineer,Lifeaz,Paris,https://www.welcometothejungle.com/fr/companies/lifeaz/jobs/data-ops-engineer_paris
Senior Data Engineer (H/F/N),Believe,Paris,https://www.welcometothejungle.com/fr/companies/believe-digital/jobs/senior-data-engineer-h-f-n_paris_BELIE_LGolQeL
Stage Data & Tech (H/F) – Solarock,Solarock,Paris,https://www.welcometothejungle.com/fr/companies/solarock-fr/jobs/stage-data-tech-h-f-solarock_paris
Staff Engineer,Sifflet,Paris,https://www.welcometothejungle.com/fr/companies/sifflet/jobs/staff-engineer_paris
Senior Backend Engineer - Integration,Sifflet,Paris,https://www.welcometothejungle.com/fr/companies/sifflet/jobs/senior-backend-engineer-integration_paris
Backend Engineer - Monitoring,Sifflet,Paris,https://www.welcometothejungle.com/fr/companies/sifflet/jobs/backend-engineer-monitoring_paris
Alternant(e) Data Engineer - Backend & Cloud (Go / GCP),JAVELOT,Marcq-en-Baroeul,https://www.welcometothejungle.com/fr/companies/javelot/jobs/alternant-data-engineer-backend-cloud-go-gcp_marcq-en-baroeul
Senior Data Engineer,WeeFin,Paris,https://www.welcometothejungle.com/fr/companies/weefin/jobs/senior-data-engineer_paris
Stagiaire - Business Data Engineer,WeeFin,Paris,https://www.welcometothejungle.com/fr/companies/weefin/jobs/stagiaire-customer-sucess-quant-asap_paris
Expert(e) Data Platform GCP / Kubernetes,Les Filles & Les Garçons de la Tech,Paris,https://www.welcometothejungle.com/fr/companies/fgtech/jobs/expert-data-platform-gcp-kubernetes_paris
Data Engineer (Spark),Shape It,Lyon,https://www.welcometothejungle.com/fr/companies/shape-it/jobs/data-engineer-spark_lyon_SI_RoGlpmA
Data Engineer (F/H),Groupe SII,Lille,https://www.welcometothejungle.com/fr/companies/sii/jobs/data-engineer-f-h_paris
Big Data Engineer - Services Financiers - Orléans,Sopra Steria,Orléans,https://www.welcometothejungle.com/fr/companies/sopra-steria/jobs/big-data-engineer-services-financiers-orleans_orleans_SS_9pe8p1P
Architecte Data Ingénieur GCP (F/H),Carrefour,Massy,https://www.welcometothejungle.com/fr/companies/carrefour/jobs/architecte-data-ingenieur-gcp-f-h_massy_CARRE_MdL1Omz
Lead Data Engineer H/F,Open,Nantes,https://www.welcometothejungle.com/fr/companies/open/jobs/lead-data-engineer-h-f_nantes
Ingénieur Data Confirmé (F/H),Atos,Bordeaux,https://www.welcometothejungle.com/fr/companies/atos/jobs/ingenieur-data-confirme-f-h_bordeaux
Ingénieur Data Senior MLOps (F/H),Atos,Lyon,https://www.welcometothejungle.com/fr/companies/atos/jobs/ingenieur-data-senior-mlops-f-h_lyon
"Data Scientist / Analyst / Engineer Finance, Risque et Performance (H/F) – CDI – Paris",Quadratic,Paris,https://www.welcometothejungle.com/fr/companies/quadratic-fr/jobs/data-scientist-finance-risque-et-performance-h-f-cdi-paris_paris
Consultant Senior Data Engineer H/F,MeltOne Advisory,Paris,https://www.welcometothejungle.com/fr/companies/meltone-advisory/jobs/data-engineer-h-f_paris
CDI - Data Engineer confirmé - H/F,Médiaperformances,Courbevoie,https://www.welcometothejungle.com/fr/companies/mediaperformances/jobs/cdi-data-engineer-confirme-h-f_courbevoie
Senior DataOps Engineer (x/f/m),Doctolib,Paris,https://www.welcometothejungle.com/fr/companies/doctolib/jobs/senior-data-ops-engineer-x-f-m_paris
DataOps Engineer H/F,NEXTON,Bordeaux,https://www.welcometothejungle.com/fr/companies/nexton-consulting/jobs/dataops-engineer-h-f_bordeaux
Data Engineer - CDI (H/F),LeHibou,Bordeaux,https://www.welcometothejungle.com/fr/companies/lehibou/jobs/data-engineer-cdi-h-f_bordeaux
Senior Data Engineer - Freelance - Paris,pass Culture,Paris,https://www.welcometothejungle.com/fr/companies/pass-culture/jobs/senior-data-engineer-freelance_paris
STAGE - Ingénieur BI/Data H/F,EssilorLuxottica France,Ivry-sur-Seine,https://www.welcometothejungle.com/fr/companies/essilorluxottica/jobs/stage-ingenieur-bi-data-h-f_ivry-sur-seine
DATA ENGINEER - H/F,Banque de France,Paris,https://www.welcometothejungle.com/fr/companies/banque-de-france/jobs/data-engineer-h-f_paris-1er-arrondissement
Architecte Big Data H/F,Groupe SII,Le Mans,https://www.welcometothejungle.com/fr/companies/sii/jobs/architecte-big-data-h-f_le-mans
Analytics Engineer (H/F),Vente-unique.com,Paris,https://www.welcometothejungle.com/fr/companies/vente-unique/jobs/analytics-engineer-h-f_paris_VENTE_QdGZmyl
Data Engineer - Data Scientist,Metroscope,Paris,https://www.welcometothejungle.com/fr/companies/metroscope/jobs/data-engineer_paris_METRO_DrOqN30
ekino - CDI - Data Engineer Confirmé(e) F/H,Havas France,Pantin,https://www.welcometothejungle.com/fr/companies/havas-sa/jobs/data-engineer-confirme-f-h_pantin
Stage  - Data Engineer,La Banque Postale,Toulouse,https://www.welcometothejungle.com/fr/companies/la-banque-postale/jobs/stage-data-engineer_toulouse_LBP_X7LyL0K
Ingénieur Big Data (F/H),ASI,Rennes,https://www.welcometothejungle.com/fr/companies/asi/jobs/ingenieur-big-data-f-h_rennes
Data Engineer Snowflake F/H,CGI,Montpellier,https://www.welcometothejungle.com/fr/companies/cgi/jobs/data-engineer-snowflake-f-h_montpellier_CGI_4R27G4a
Data Engineer DBT F/H,CGI,Paris,https://www.welcometothejungle.com/fr/companies/cgi/jobs/data-engineer-dbt-f-h_paris_CGI_Or8g1Ka
Data Engineer DBT F/H,CGI,Toulouse,https://www.welcometothejungle.com/fr/companies/cgi/jobs/data-engineer-dbt-f-h_toulouse_CGI_rxk9NW9
Tech Lead Data F/H,CGI,Grenoble,https://www.welcometothejungle.com/fr/companies/cgi/jobs/tech-lead-data-f-h_grenoble
Internship - Data Engineer/Analyst Nat Cat,AXA,Paris,https://www.welcometothejungle.com/fr/companies/axa/jobs/internship-data-engineer-analyst-nat-cat_paris
Data engineer Microsoft Fabric / Databricks / API - Secteur retail F/H,CGI,Paris,https://www.welcometothejungle.com/fr/companies/cgi/jobs/data-engineer-microsoft-fabric-databricks-api-secteur-retail-f-h_paris
Consultant·e Analytics Engineer – Senior,Saegus,Paris,https://www.welcometothejungle.com/fr/companies/saegus/jobs/consultant-e-analytics-engineer-senior_paris_SAEGU_8gPX24d
Consultant·e Data Engineer – Senior,Saegus,Paris,https://www.welcometothejungle.com/fr/companies/saegus/jobs/consultant-e-data-engineer-senior_paris_SAEGU_LN38KdM
STAGE - Data Engineer - Développement d'outils de pilotage projet - F/H,Thales,Élancourt,https://www.welcometothejungle.com/fr/companies/thales/jobs/stage-data-engineer-developpement-d-outils-de-pilotage-projet-f-h_elancourt_THALE_RK4ox1w
Ingénieur(e) Data GCP (déplacement 2 jours par semaine à Paris) - F/H,Thales,Lille,https://www.welcometothejungle.com/fr/companies/thales/jobs/ingenieur-data-gcp-deplacement-2-jours-par-semaine-a-paris-f-h_lille
Data Engineer Spark Scala - Services Financiers - Ile-De-France,Sopra Steria,Courbevoie,https://www.welcometothejungle.com/fr/companies/sopra-steria/jobs/data-engineer-spark-scala-services-financiers-ile-de-france_courbevoie_SS_RDYZZje
AI Engineer,Hubvisory,Paris,https://www.welcometothejungle.com/fr/companies/hubvisory/jobs/ai-engineer_paris
Junior Analytics Engineer - Paris,Artefact,Paris,https://www.welcometothejungle.com/fr/companies/artefact/jobs/junior-analytics-engineer-paris_paris
Data Engineering / Tech Lead Data (H/F),Mind7 Consulting,Paris,https://www.welcometothejungle.com/fr/companies/mind7/jobs/data-engineering-tech-lead-data-h-f_paris
Senior Data Engineer (H/F),Mind7 Consulting,Paris,https://www.welcometothejungle.com/fr/companies/mind7/jobs/senior-data-engineer-h-f_paris
Data Engineer Snowflake - Confirmé·e,JAKALA,"Caen, Paris",https://www.welcometothejungle.com/fr/companies/jakala/jobs/data-engineer-snowflake-confirme-e
Data Engineer Databricks - Confirmé·e,JAKALA,"Caen, Paris",https://www.welcometothejungle.com/fr/companies/jakala/jobs/data-engineer-snowflake-confirme-e_JAKAL_j8w9WzQ
Data Engineer & Data Architect - Confirmé·e,JAKALA,"Caen, Paris",https://www.welcometothejungle.com/fr/companies/jakala/jobs/data-engineer-data-architect-confirme-e
STAGE - DATA INGENIEUR - F/H,Generali France,Saint-Denis,https://www.welcometothejungle.com/fr/companies/generali-fr/jobs/stage-data-ingenieur-f-h_saint-denis_GF_edAQMzq
Data and Engineering Team Lead - Solution Engineer,Pelico,Paris,https://www.welcometothejungle.com/fr/companies/pelico/jobs/data-and-engineering-team-lead-solution-engineer_paris
Data Engineer Senior H/F/X,Eleven Labs,Paris,https://www.welcometothejungle.com/fr/companies/eleven-labs/jobs/data-engineer-senior-h-f-x_paris_EL_d4OW0WV
Senior Data Engineer - AI Focused (x/f/m),Doctolib,Paris,https://www.welcometothejungle.com/fr/companies/doctolib/jobs/senior-data-engineer-ai-focused-x-f-m_paris
Analytics Engineer,Benefiz,Lille,https://www.welcometothejungle.com/fr/companies/benefiz/jobs/analytics-engineer_lille
Senior Data Engineer,Seyna,Paris,https://www.welcometothejungle.com/fr/companies/seyna/jobs/senior-data-engineer_paris
Data Engineer,Capgemini,Lyon,https://www.welcometothejungle.com/fr/companies/capgemini/jobs/data-engineer_lyon_CAPGE_AJZAOKb
Senior Platform Data Engineer - Paris/Montpellier,Swile,"Montpellier, Paris",https://www.welcometothejungle.com/fr/companies/swile/jobs/senior-software-engineer-montpellier_montpellier
Data Engineer - Confirmé(e) / Senior,eXalt,Lyon,https://www.welcometothejungle.com/fr/companies/exalt/jobs/data-engineer-databricks-confirme-senior_lyon
Data Engineer expérimenté·e - Azure,Modeo,Paris,https://www.welcometothejungle.com/fr/companies/modeo/jobs/data-engineer-experimente-e-azure_paris
CONSULTANT.E SNOWFLAKE - DATA ENGINEER (F/H),ActinVision,Paris,https://www.welcometothejungle.com/fr/companies/actinvision/jobs/consultant-data-engineer-dbt-snowflake-f-h_paris
Consultant·e Analytics/Data Engineer - DBT Snowflake (F/H),ActinVision,Paris,https://www.welcometothejungle.com/fr/companies/actinvision/jobs/consultant-e-data-engineer-dbt-snowflake-f-h_paris
CONSULTANT.E MICROSOFT FABRIC / DATABRICKS - Data Engineer(F/H),ActinVision,Strasbourg,https://www.welcometothejungle.com/fr/companies/actinvision/jobs/consultant-microsoft-fabric-databricks-data-engineer-f-h_strasbourg
AI Engineer,Emeria Technologies,Paris,https://www.welcometothejungle.com/fr/companies/emeria/jobs/ai-engineer_paris
INGENIEUR DATA (H/F),Bernard Services,Lyon,https://www.welcometothejungle.com/fr/companies/groupe-bernard/jobs/ingenieur-data-h-f_lyon
Data Engineer,ADVANCED SCHEMA,Paris,https://www.welcometothejungle.com/fr/companies/advanced-schema/jobs/data-engineer_paris_AS_ex537XV
Data Engineer - Databricks,MP DATA,Boulogne-Billancourt,https://www.welcometothejungle.com/fr/companies/mp-data/jobs/data-engineer-h-f-industrie_boulogne-billancourt
Data Engineer Confirmé Databricks - IDF (H/F),MP DATA,Paris,https://www.welcometothejungle.com/fr/companies/mp-data/jobs/data-scientist-ml-engineer-confirme-clermont-ferrand-h-f_paris
Data Engineer F/H,Safran,Bordes,https://www.welcometothejungle.com/fr/companies/safran/jobs/data-engineer-f-h_bordes
Data Engineer DBT F/H,CGI,Avignon,https://www.welcometothejungle.com/fr/companies/cgi/jobs/data-engineer-dbt-f-h_avignon
Data Engineer Cloud Confirmé / Senior (F/H),Talan,Lille,https://www.welcometothejungle.com/fr/companies/talan/jobs/cloud-data-engineer-f-h_lille
Data Engineer GCP (H/F),Thales,Vélizy-Villacoublay,https://www.welcometothejungle.com/fr/companies/thales/jobs/data-engineer-gcp-h-f_velizy-villacoublay_THALE_dWyYxbZ
SENIOR DATA ENGINEER (H/F),SNCF Connect & Tech,Saint-Denis,https://www.welcometothejungle.com/fr/companies/sncf-connect-tech/jobs/senior-data-engineer-h-f_la-defense
Data Engineer,ILLUIN Technology,Paris,https://www.welcometothejungle.com/fr/companies/illuin-tech/jobs/data-engineer_la-defense
Senior Data Engineer (m/f/d),Deezer,Paris,https://www.welcometothejungle.com/fr/companies/deezer/jobs/senior-data-engineer-m-f-d_paris
Lead Data Engineer - CDI Paris - Theodo Data,Theodo Data & AI,Paris,https://www.welcometothejungle.com/fr/companies/sicara/jobs/lead-data-engineer-cdi-paris-theodo-data_paris
Lead AI Engineer - CDI Paris - Theodo Data & AI,Theodo Data & AI,Paris,https://www.welcometothejungle.com/fr/companies/sicara/jobs/lead-ai-engineer-theodo-data-ai-cdi-paris_paris
Principal AI Engineer - CDI Paris - Theodo Data & IA,Theodo Data & AI,Paris,https://www.welcometothejungle.com/fr/companies/sicara/jobs/engineering-manager-ai-cdi-paris-theodo-data-ia_paris
Data & AI Engineer - CDI Paris - Theodo Data & IA,Theodo Data & AI,Paris,https://www.welcometothejungle.com/fr/companies/sicara/jobs/data-engineer-data-scientist-cdi-theodo-data-ia-paris_paris
Lead data engineer (F/H),Groupe SII,Lille,https://www.welcometothejungle.com/fr/companies/sii/jobs/lead-data-engineer-f-h_lille
Tech Lead Data - Expert Databricks (H/F),Daveo,Paris,https://www.welcometothejungle.com/fr/companies/daveo/jobs/tech-lead-data-expert-databricks-h-f_paris
Ingénieur Data,Daveo,Lille,https://www.welcometothejungle.com/fr/companies/daveo/jobs/ingenieur-data_lille
Consultant Data & AI Platform Engineer confirmé/senior  - F/H/N,OCTO Technology,Paris,https://www.welcometothejungle.com/fr/companies/octo-technology/jobs/consultant-confirme-data-engineer-on-cloud-data-platforms-f-h-n_paris_OT_PZGyPG7
DATA ENGINEER CONFIRME (H/F),Hardis Group,Lyon,https://www.welcometothejungle.com/fr/companies/hardis-group/jobs/data-engineer-confirme-h-f_lyon
Architecte Data H/F,Hardis Group,Paris,https://www.welcometothejungle.com/fr/companies/hardis-group/jobs/architecte-data-h-f_paris_HG_ab4OrNV
Architecte Data H/F,Hardis Group,Lyon,https://www.welcometothejungle.com/fr/companies/hardis-group/jobs/architecte-data-h-f_lyon_HG_8Vw928d
Stage « Data Engineer » (H/F),Crédit Mutuel Alliance Fédérale,Nantes,https://www.welcometothejungle.com/fr/companies/credit-mutuel-alliance-federale/jobs/stage-data-engineer-h-f_nantes
Data Engineer - Intégration F/H,Padoa,Paris,https://www.welcometothejungle.com/fr/companies/padoa/jobs/data-engineer-integration-f-h_paris
Data Architect H/F,Groupe TF1,Boulogne-Billancourt,https://www.welcometothejungle.com/fr/companies/groupe-tf1/jobs/data-architect-h-f_boulogne-billancourt_GT_qdqYj71
Stage - Consultante/Consultant Data Engineer,CAPGEMINI INVENT,Issy-les-Moulineaux,https://www.welcometothejungle.com/fr/companies/capgemini-invent/jobs/stage-consultante-consultant-data-engineer_issy-les-moulineaux_CI_ryQeW5
Senior Data Engineer (H/F),Allphins,Paris,https://www.welcometothejungle.com/fr/companies/allphins/jobs/data-engineer-h-f_paris
Lead Analytics Engineer (H-F),M13h,Paris,https://www.welcometothejungle.com/fr/companies/m13h/jobs/lead-analytics-engineer-h-f_paris
Senior Data & AI Engineer (H/F),NUMSPOT,Courbevoie,https://www.welcometothejungle.com/fr/companies/numspot/jobs/data-ai-engineer-h-f_courbevoie
Ingénieur Data Confirmé - Services Financiers - Bordeaux,Sopra Steria,Mérignac,https://www.welcometothejungle.com/fr/companies/sopra-steria/jobs/ingenieur-data-confirme-services-financiers-bordeaux_merignac_SS_78zDjAj
Data Ingenieur Services Financiers Strasbourg,Sopra Steria,Strasbourg,https://www.welcometothejungle.com/fr/companies/sopra-steria/jobs/data-ingenieur-services-financiers-strasbourg_strasbourg_SS_5yORj8X
Data Engineer PySpark - Data Factory - Services Financiers - Ile de France,Sopra Steria,Paris,https://www.welcometothejungle.com/fr/companies/sopra-steria/jobs/data-engineer-pyspark-data-factory-services-financiers-ile-de-france_paris_SS_WmPyAYG
Data Engineer DataIku - Services Financiers – Lille,Sopra Steria,Villeneuve-d'Ascq,https://www.welcometothejungle.com/fr/companies/sopra-steria/jobs/data-engineer-dataiku-services-financiers-lille_villeneuve-d-ascq_SS_1MAbdLO
Big Data Engineer - Services Financiers - Bordeaux,Sopra Steria,Mérignac,https://www.welcometothejungle.com/fr/companies/sopra-steria/jobs/big-data-engineer-services-financiers-bordeaux_merignac
Data Engineer senior - Services Financiers - Lille,Sopra Steria,Villeneuve-d'Ascq,https://www.welcometothejungle.com/fr/companies/sopra-steria/jobs/data-engineer-senior-services-financiers-lille_villeneuve-d-ascq_SS_2KWeqgG
Data Engineer DataIku - Services Financiers – Ile-de-France,Sopra Steria,Paris,https://www.welcometothejungle.com/fr/companies/sopra-steria/jobs/data-engineer-dataiku-services-financiers-ile-de-france_paris_SS_pRrydQg
Data Engineer (H/F/NB),Keyrus,Bordeaux,https://www.welcometothejungle.com/fr/companies/keyrus/jobs/data-engineer-h-f-nb_bordeaux_KEYRU_PWVlwXl
Data Engineer,Joko,Paris,https://www.welcometothejungle.com/fr/companies/joko/jobs/data-engineer_paris
Stage - Data Pipeline Observability (F/H),OpenAirlines,Toulouse,https://www.welcometothejungle.com/fr/companies/openairlines/jobs/stage-data-pipeline-observability-f-h_toulouse
Data Engineer GCP - Confirmé·e,JAKALA,"Caen, Paris",https://www.welcometothejungle.com/fr/companies/jakala/jobs/data-engineer-gcp-confirme-e
Staff Data Ops Engineer (x/f/m),Doctolib,Paris,https://www.welcometothejungle.com/fr/companies/doctolib/jobs/staff-dataops-engineer-x-f-m_paris_DOCTO_gzQDGA7
Technical Lead - Data Engineering,OVHcloud,Roubaix,https://www.welcometothejungle.com/fr/companies/ovh/jobs/technical-lead-data-engineering_roubaix
Senior Data Engineer,Yubo,Paris,https://www.welcometothejungle.com/fr/companies/yubo/jobs/senior-data-engineer_paris_YUBO_Goolgx0
Data Ingénieur Confirmé I CDI (H/F),PeopleSpheres,Montpellier,https://www.welcometothejungle.com/fr/companies/peoplespheres/jobs/data-ingenieur-confirme-i-cdi-h-f_montpellier
ekino - CDI - Data Engineer Senior (H/F),Havas France,Pantin,https://www.welcometothejungle.com/fr/companies/havas-sa/jobs/ekino-cdi-data-engineer-senior-h-f_pantin
ekino - CDI - Lead Data Engineer (H/F),Havas France,Pantin,https://www.welcometothejungle.com/fr/companies/havas-sa/jobs/ekino-cdi-lead-data-engineer-h-f_pantin
Stage Ingénieur IA & Data H/F,ChapsVision,Nancy,https://www.welcometothejungle.com/fr/companies/chapsvision/jobs/stage-ingenieur-ia-data-h-f_nancy
Ingénieur.e data et tech - Stage - St Ouen (93),Willy anti-gaspi,Saint-Ouen-sur-Seine,https://www.welcometothejungle.com/fr/companies/willy-anti-gaspi/jobs/ingenieur-e-data-et-tech-stage-st-ouen-93_saint-ouen-sur-seine
Data Engineer - CDI - Paris,pass Culture,Paris,https://www.welcometothejungle.com/fr/companies/pass-culture/jobs/data-engineer-cdi-paris_paris
Data Engineer H/F/X,Quantum Surgical,Montpellier,https://www.welcometothejungle.com/fr/companies/quantum-surgical/jobs/data-engineer-h-f-x_montpellier_QS_AxQAxyP
STAGE - Assistant Data & AI Engineer – Copilot agentique d'assistance au Développement H/F,Groupe Crédit Agricole,Montrouge,https://www.welcometothejungle.com/fr/companies/groupe-credit-agricole/jobs/stage-assistant-data-ai-engineer-copilot-agentique-d-assistance-au-developpement-h-f_montrouge
STAGE -  Assistant data Engineering sur les protocoles de communication avec et entre agents H/F,Groupe Crédit Agricole,Montrouge,https://www.welcometothejungle.com/fr/companies/groupe-credit-agricole/jobs/stage-assistant-data-engineering-sur-les-protocoles-de-communication-avec-et-entre-agents-h-f_montrouge
Data Engineer H/F,Groupe Crédit Agricole,Villejuif,https://www.welcometothejungle.com/fr/companies/groupe-credit-agricole/jobs/data-engineer-h-f_villejuif
Senior Machine Learning AI Engineer H/F,Groupe Crédit Agricole,Montrouge,https://www.welcometothejungle.com/fr/companies/groupe-credit-agricole/jobs/senior-machine-learning-ai-engineer-h-f_montrouge
Data Engineer H/F,Groupe Crédit Agricole,Paris,https://www.welcometothejungle.com/fr/companies/groupe-credit-agricole/jobs/tech-lead-data-h-f_paris
Data Engineer / Snowflake- F/H,France Air,Beynost,https://www.welcometothejungle.com/fr/companies/france-air/jobs/data-engineer-snowflake-f-h_beynost
Tech Lead Data F/H,Groupe SII,Le Mans,https://www.welcometothejungle.com/fr/companies/sii/jobs/tech-lead-data-f-h_le-mans
Analytics Engineer Confirmé/Sénior (H/F) – CDI,Talan,Nantes,https://www.welcometothejungle.com/fr/companies/talan/jobs/analytics-engineer-confirme-senior-h-f-cdi_nantes
DATA ENGINEER CONFIRME H/F,CNP Assurances,Angers,https://www.welcometothejungle.com/fr/companies/cnp-assurances/jobs/data-engineer-confirme-h-f_angers
Ingénieur.e Data - Défense & Sécurité – Rennes,Sopra Steria,Chartres-de-Bretagne,https://www.welcometothejungle.com/fr/companies/sopra-steria/jobs/ingenieur-e-data-defense-securite-rennes_chartres-de-bretagne
Expert Plateformes Data (F/H),La Sécurité Sociale,Toulouse,https://www.welcometothejungle.com/fr/companies/securitesociale/jobs/expert-plateformes-data-f-h_toulouse_LSS_5pobxMM
Data Engineer Confirmé H/F,Thales,Toulouse,https://www.welcometothejungle.com/fr/companies/thales/jobs/data-engineer-confirme-h-f_toulouse_THALE_A348m5d
[SFR] Stagiaire (h/f) - Data Analytics Engineer,SFR - Altice France,Paris,https://www.welcometothejungle.com/fr/companies/altice-france/jobs/sfr-stagiaire-h-f-data-analytics-engineer_paris
Senior Analytics Engineer – Programmatic & Marketing Data,Azira,Paris,https://www.welcometothejungle.com/fr/companies/azira/jobs/senior-analytics-engineer-programmatic-marketing-data_paris
Senior Data Engineer,Sogeti,Mérignac,https://www.welcometothejungle.com/fr/companies/sogeti/jobs/senior-data-engineer_merignac
Data Engineer Python / GCP,Tata Consultancy Services France- TCS,Toulouse,https://www.welcometothejungle.com/fr/companies/tata-consultancy-services/jobs/data-engineer-python-gcp_toulouse
DBI - CDI - UNNEST - DATA ENGINEER - H/F,Havas France,Puteaux,https://www.welcometothejungle.com/fr/companies/havas-sa/jobs/dbi-cdi-unnest-data-engineer-h-f_puteaux
STAGE - Ingénieur : Réalisation d'un PoC Data Engineering F/H,Thales,Gavaudun,https://www.welcometothejungle.com/fr/companies/thales/jobs/stage-ingenieur-realisation-d-un-poc-data-engineering-f-h_cristal
STAGE -  Ingénieur Data & AI F/H,Thales,Meudon,https://www.welcometothejungle.com/fr/companies/thales/jobs/stage-ingenieur-data-ai-f-h_meudon
Stage – Data Ingénieur/Data Analyste – (H/F),Thales,Sophia-Antipolis,https://www.welcometothejungle.com/fr/companies/thales/jobs/stage-data-ingenieur-data-analyste-h-f_sophia-antipolis
Data Engineer Senior - Marseille,Sopra Steria,Marseille,https://www.welcometothejungle.com/fr/companies/sopra-steria/jobs/data-engineer-senior-marseille_marseille
Data Engineer Senior - AWS - Marseille,Sopra Steria,Marseille,https://www.welcometothejungle.com/fr/companies/sopra-steria/jobs/data-engineer-senior-aws-marseille_marseille
Big Data Engineer - Services Financiers - Ile de France,Sopra Steria,Paris,https://www.welcometothejungle.com/fr/companies/sopra-steria/jobs/big-data-engineer-services-financiers-ile-de-france_paris_SS_Wo15rV2
Stage - Ingénieur Big Data & IA Finance F/H - Paris,Groupe BPCE,Paris,https://www.welcometothejungle.com/fr/companies/groupe-bpce/jobs/stage-ingenieur-big-data-ia-finance-f-h-paris_paris-13e-arrondissement
Lead data ingénieur et DataOps F/H,Direction du numérique des ministères sociaux,Montrouge,https://www.welcometothejungle.com/fr/companies/direction-du-numerique-des-ministeres-sociaux/jobs/lead-data-ingenieur-et-dataops-f-h_montrouge
Data Engineer / Dev Ops [Réserviste],Commandement de la Cyberdéfense (COMCYBER),Rennes,https://www.welcometothejungle.com/fr/companies/commandement-de-la-cyberdefense-comcyber/jobs/data-engineer-dev-ops_rennes
Ingénieur profil mixte procédé/data mining en PFE F/H,Orano,Pierrelatte,https://www.welcometothejungle.com/fr/companies/orano/jobs/ingenieur-profil-mixte-procede-data-mining-en-pfe-f-h_pierrelatte
Data Engineer / Concepteur Développeur Data & IA H/F,Open,Villeurbanne,https://www.welcometothejungle.com/fr/companies/open/jobs/data-engineer-concepteur-developpeur-data-ia-h-f_villeurbanne
Data Engineer MLOps – Secteur Énergie H/F,Open,Villeurbanne,https://www.welcometothejungle.com/fr/companies/open/jobs/data-engineer-mlops-secteur-energie-h-f_villeurbanne
Data Architect H/F,Open,Villeurbanne,https://www.welcometothejungle.com/fr/companies/open/jobs/data-architect-h-f_villeurbanne
Data Engineer SIG / GeoAI / Environnement (H/F),Atos,Toulouse,https://www.welcometothejungle.com/fr/companies/atos/jobs/data-engineer-sig-geoai-environnement-h-f_toulouse
Lead Data Analytics Engineer F/H,KPMG France,Courbevoie,https://www.welcometothejungle.com/fr/companies/kpmg-france/jobs/lead-data-analytics-engineer-f-h_courbevoie
DATA ENGINEER (F/H),BPCE Solutions informatiques,Villeurbanne…,https://www.welcometothejungle.com/fr/companies/bpce-solutions-informatiques/jobs/data-engineer-f-h
Data Engineer AWS (H/F),NEXTON,Paris,https://www.welcometothejungle.com/fr/companies/nexton-consulting/jobs/data-engineer-aws-h-f_paris_NEXTO_mD2waKN
Calibration Data Infrastructure Engineer,Alice & Bob,Paris,https://www.welcometothejungle.com/fr/companies/alice-bob/jobs/calibration-data-infrastructure-engineer_paris
Lead Data Engineer,Lucky cart,Paris,https://www.welcometothejungle.com/fr/companies/lucky-cart/jobs/lead-data-engineer_paris
Data Engineer Spark/Scala - Services Financiers F/H,CGI,Paris,https://www.welcometothejungle.com/fr/companies/cgi/jobs/data-engineer-financial-services-f-h_paris_CGI_2V3pjQ7
DBI - CDI - SENIOR DATA  ENGINEER - H/F,Havas France,Puteaux,https://www.welcometothejungle.com/fr/companies/havas-sa/jobs/dbi-cdi-data-engineer-h-f_puteaux
Data engineer H/F,The Adecco Group,Lille,https://www.welcometothejungle.com/fr/companies/the-adecco-group/jobs/data-engineer-h-f_lille
DATA ENGINEER H/F,The Adecco Group,Niort,https://www.welcometothejungle.com/fr/companies/the-adecco-group/jobs/data-engineer-h-f_niort
Data Engineer / Consultant Databricks H/F,The Adecco Group,Lyon,https://www.welcometothejungle.com/fr/companies/the-adecco-group/jobs/data-engineer-consultant-databricks-h-f_lyon_TAG_aA2Kb4r
Data Engineer - H/F,Talan,Nantes,https://www.welcometothejungle.com/fr/companies/talan/jobs/data-engineer-h-f_nantes
Data Engineer Expérimenté Azure Databricks (H/F),Thales,Toulouse,https://www.welcometothejungle.com/fr/companies/thales/jobs/data-engineer-experimente-azure-databricks-h-f_toulouse
Data Engineer GCP,Thales,Vélizy-Villacoublay,https://www.welcometothejungle.com/fr/companies/thales/jobs/data-engineer-gcp_velizy
Data Engineer GCP (H/F),Thales,Vélizy-Villacoublay,https://www.welcometothejungle.com/fr/companies/thales/jobs/data-engineer-gcp-h-f_velizy-villacoublay_THALE_LXgry9R
STAGE - Data Engineer - F / H,Thales,Grenoble,https://www.welcometothejungle.com/fr/companies/thales/jobs/stage-data-engineer-f-h_grenoble
Data Engineer DATAIKU (H/F),Thales,Vélizy-Villacoublay,https://www.welcometothejungle.com/fr/companies/thales/jobs/data-engineer-dataiku-h-f_velizy-villacoublay
DATA Engineer senior - DCoE France,Sopra Steria,Courbevoie,https://www.welcometothejungle.com/fr/companies/sopra-steria/jobs/data-engineer-senior-dcoe-france_courbevoie
DATA Engineer senior - DCoE France,Sopra Steria,Limonest,https://www.welcometothejungle.com/fr/companies/sopra-steria/jobs/data-engineer-senior-dcoe-france_limonest
Consultant Expérimenté Data Engineer F/H,KPMG France,Courbevoie,https://www.welcometothejungle.com/fr/companies/kpmg-france/jobs/consultant-experimente-data-engineer-f-h_courbevoie_KF_OZQ0J4M
Ingénieur Data (H/F),Open,Aix-en-Provence,https://www.welcometothejungle.com/fr/companies/open/jobs/ingenieur-data-h-f_aix-en-provence_OPEN_gOwjQK
Analytics Engineer - Confirmé·e,JAKALA,"Caen, Paris",https://www.welcometothejungle.com/fr/companies/jakala/jobs/data-analyst-senior-cdi-paris-ou-caen
Data Engineer - Confirmé.e,JAKALA,"Caen, Paris",https://www.welcometothejungle.com/fr/companies/jakala/jobs/data-engineer-confirme-cdi-paris_paris
Data & AI Engineer,Bluecoders,Paris,https://www.welcometothejungle.com/fr/companies/bluecoders/jobs/data-ai-engineer_paris
FORMATEUR IA & BIG DATA (H/F),TALIS,Bayonne,https://www.welcometothejungle.com/fr/companies/groupe-talis/jobs/formateur-ia-big-data-h-f_bayonne
Analytics Engineer,PAYPLUG,Paris,https://www.welcometothejungle.com/fr/companies/payplug/jobs/analytics-engineer_paris
Staff AI Data Engineer (x/f/m),Doctolib,Paris,https://www.welcometothejungle.com/fr/companies/doctolib/jobs/senior-ai-data-engineer-x-f-m_paris
Data Engineer (H/F),Displayce,Bordeaux,https://www.welcometothejungle.com/fr/companies/displayce/jobs/data-engineer_bordeaux_DISPL_xVyj1Rp
Data Operations Engineer,Doctrine,Paris,https://www.welcometothejungle.com/fr/companies/doctrine/jobs/revenue-operations_paris_DOCTR_qYOmdpy
[Mission] DataDSN - Senior Data Engineer,beta.gouv.fr,Paris,https://www.welcometothejungle.com/fr/companies/communaute-beta-gouv/jobs/datadsn-tech-lead_paris
Data Engineer  -  IT COMPLIANCE FINANCIAL SECURITY H/F,Crédit Agricole CIB,Montrouge,https://www.welcometothejungle.com/fr/companies/credit-agricole-cib/jobs/data-engineer-it-compliance-financial-security-h-f_montrouge
Analytics Engineer,Riot,Paris,https://www.welcometothejungle.com/fr/companies/riot/jobs/analytics-engineer_paris
"Data Engineer, stage de fin d’études",Modeo,Paris,https://www.welcometothejungle.com/fr/companies/modeo/jobs/data-engineer-stage-de-fin-d-etudes_paris
Data/ IA engineer,The Bradery,Paris,https://www.welcometothejungle.com/fr/companies/the-bradery/jobs/data-ia-engineer_paris
Staff Database Engineer (All Genders),Dailymotion SA,Issy-les-Moulineaux,https://www.welcometothejungle.com/fr/companies/dailymotion/jobs/staff-database-engineer-all-genders_issy-les-moulineaux_DS_KAw7Q4N
Ingénieur Data Platform (H/F/D),WYZ Group,Lacroix-Saint-Ouen,https://www.welcometothejungle.com/fr/companies/wyz-group/jobs/ingenieur-data-platform-h-f-d_lacroix-saint-ouen
Tech Lead Data - Snowflake & DBT,Eurelis,Paris,https://www.welcometothejungle.com/fr/companies/eurelis/jobs/tech-lead-data-snowflake-dbt_paris
Lead Back-End Software & Data Engineer – Streaming de données,Wake It Up,Paris,https://www.welcometothejungle.com/fr/companies/wake-it-up/jobs/lead-back-end-software-data-engineer-streaming-de-donnees_paris
Analytics Engineer / Data Engineer,Reflect,Paris,https://www.welcometothejungle.com/fr/companies/reflect/jobs/solution-data-ops-engineer_paris
Data Engineer - GCP (H/F),Groupe SII,Rouen,https://www.welcometothejungle.com/fr/companies/sii/jobs/data-engineer-gcp-h-f_rouen
DATA ENGINEER H/F,CNP Assurances,Issy-les-Moulineaux,https://www.welcometothejungle.com/fr/companies/cnp-assurances/jobs/tech-lead-data-h-f_issy-les-moulineaux
DATA ENGINEER DECISIONNEL H/F,CNP Assurances,Angers,https://www.welcometothejungle.com/fr/companies/cnp-assurances/jobs/tech-lead-referentiel-client-h-f_angers_CA_JgyyoAw
Data Engineer - H/F,Talan,Rennes,https://www.welcometothejungle.com/fr/companies/talan/jobs/data-engineer-h-f_rennes
Data Engineer Snowflake (confirmé/sénior) - H/F - CDI,Talan,Paris,https://www.welcometothejungle.com/fr/companies/talan/jobs/data-engineer-snowflake-confirme-senior-h-f-cdi_paris
STAGE - Data Engineer - Services Publics - ile de France,Sopra Steria,Courbevoie,https://www.welcometothejungle.com/fr/companies/sopra-steria/jobs/stage-data-engineer-services-publics-ile-de-france_courbevoie_SS_jZNm48N
Stage – BI Engineer / Data Analyst,Naboo,Paris,https://www.welcometothejungle.com/fr/companies/naboo/jobs/stage-bi-engineer-data-analyst_paris
Stage – Data engineer,LFB,Les Ulis,https://www.welcometothejungle.com/fr/companies/lfb/jobs/stage-data-engineer_les-ulis
Web Crawling Engineer,Mistral Ai,Paris,https://www.welcometothejungle.com/fr/companies/mistral-ai/jobs/software-engineer-data-acquisition_paris
Tech Lead Data Engineer MLOps AWS F/H,Safran Aircraft Engines,Melun,https://www.welcometothejungle.com/fr/companies/safran-aircraft-engines/jobs/tech-lead-data-engineer-mlops-aws-f-h-f-h_montereau
Data Engineer,Tata Consultancy Services France- TCS,Puteaux,https://www.welcometothejungle.com/fr/companies/tata-consultancy-services/jobs/data-engineer-analytics_puteaux
Analytics Engineer Intern,Mirakl,Paris,https://www.welcometothejungle.com/fr/companies/mirakl/jobs/data-analyst-intern_paris
STAGE - Ingénieur Data & BI - H/F,Thales,Lille,https://www.welcometothejungle.com/fr/companies/thales/jobs/stage-ingenieur-data-bi-h-f_lille
Architecte Data Ingénieur GCP (F/H),Carrefour,Massy,https://www.welcometothejungle.com/fr/companies/carrefour/jobs/architecte-data-ingenieur-gcp-f-h_massy
Data Ingénieur (H/F),Thales,Lyon,https://www.welcometothejungle.com/fr/companies/thales/jobs/data-ingenieur-h-f_lyon
Senior Data Engineer (Feb/Mar 26),Descartes & Mauss,Paris,https://www.welcometothejungle.com/fr/companies/descartes-mauss/jobs/senior-data-engineer_paris
Data Engineer Confirmé,Thales,Bordeaux,https://www.welcometothejungle.com/fr/companies/thales/jobs/data-engineer-confirme_bordeaux
AI Engineer,L'olivier Assurance,Paris,https://www.welcometothejungle.com/fr/companies/l-olivier/jobs/mlops-engineer_lille
CDI - Data Engineer H/F,Banque Palatine,Fontenay-sous-Bois,https://www.welcometothejungle.com/fr/companies/banque-palatine/jobs/cdi-data-engineer-h-f_fontenay-sous-bois
Data Software Engineer Confirmé F/H,Padoa,Paris,https://www.welcometothejungle.com/fr/companies/padoa/jobs/data-software-engineer-confirme-f-h_paris_PADOA_q0Zlk0y
Ingénieur Aéronautique (Aircraft data engineer / Engine health monitoring),Ergoss Logiciels,Toulouse,https://www.welcometothejungle.com/fr/companies/ergoss-logiciels/jobs/aircraft-data-engineer-engine-health-monitoring_toulouse
"Software Engineer, Data",Mistral Ai,Paris,https://www.welcometothejungle.com/fr/companies/mistral-ai/jobs/senior-software-engineer-data-engineering-paris_paris
Analytics Engineering Intern (x/f/m),Doctolib,Paris,https://www.welcometothejungle.com/fr/companies/doctolib/jobs/analytics-engineering-intern-x-f-m_paris
STAGE DATA ENGINEER (H/F),RS2i,Levallois-Perret,https://www.welcometothejungle.com/fr/companies/rs2i/jobs/stage-data-engineer-h-f_levallois-perret
DATA ENGINEER (F/H),RS2i,Levallois-Perret,https://www.welcometothejungle.com/fr/companies/rs2i/jobs/data-engineer-f-h_levallois-perret_RS2I_4g9wKPQ
Data Engineer H/F,Assystem,Lyon,https://www.welcometothejungle.com/fr/companies/assystem-eos-energie-france/jobs/data-engineer-h-f_marseille
Senior Data Engineer,Kovalee,Paris,https://www.welcometothejungle.com/fr/companies/kovalee/jobs/senior-data-engineer_paris_KOVAL_8KjpON7
Senior Data Engineer (All Genders),Dailymotion SA,Issy-les-Moulineaux,https://www.welcometothejungle.com/fr/companies/dailymotion/jobs/senior-data-engineer-all-genders_issy-les-moulineaux
Senior Data Analytics Engineer,Animaj,Paris,https://www.welcometothejungle.com/fr/companies/animaj/jobs/data-analyst_paris_ANIMA_Ly1YV2Q
Senior Data Software Engineer,WeeFin,Paris,https://www.welcometothejungle.com/fr/companies/weefin/jobs/4ca989b5-4c16-446e-817c-ecddd000bda1
Analytics Engineer,Spendesk,"Barcelona, London, Paris",https://www.welcometothejungle.com/fr/companies/spendesk/jobs/analytics-engineer_paris_SPEND_ogYW9zD
Data Engineer - Aerospatial - Toulouse,Sopra Steria,Colomiers,https://www.welcometothejungle.com/fr/companies/sopra-steria/jobs/data-engineer-aerospatial-toulouse_colomiers_SS_O01YobP
Lead Data Engineer,Thales,Bordeaux,https://www.welcometothejungle.com/fr/companies/thales/jobs/lead-data-engineer_bordeaux
Data Scientist/Engineer IA @eXalt PROVENCE,eXalt,Aix-en-Provence,https://www.welcometothejungle.com/fr/companies/exalt/jobs/data-scientist-engineer-ia-exalt-provence_aix-en-provence
Data Engineer Snowflake,eXalt,Paris,https://www.welcometothejungle.com/fr/companies/exalt/jobs/data-engineer-snowflake_paris
Mid Analytics Engineer (All genders),Dailymotion SA,Issy-les-Moulineaux,https://www.welcometothejungle.com/fr/companies/dailymotion/jobs/mid-analytics-engineer-all-genders_paris_DS_NYN1Agl
Data Engineer GCP (H/F),Thales,Vélizy-Villacoublay,https://www.welcometothejungle.com/fr/companies/thales/jobs/data-engineer-gcp-h-f_velizy-villacoublay_THALE_DxLJy4A
Data Engineer,MakiPeople,Paris,https://www.welcometothejungle.com/fr/companies/maki/jobs/data-engineer_paris
Data Engineer PySpark - Data Factory - Services Financiers - Ile de France,Sopra Steria,Paris,https://www.welcometothejungle.com/fr/companies/sopra-steria/jobs/data-engineer-pyspark-data-factory-services-financiers-ile-de-france_paris_SS_YX90oRx
EXPERT DATA INTEGRATION & ENGINEER (H/F),Hardis Group,Grenoble,https://www.welcometothejungle.com/fr/companies/hardis-group/jobs/data-engineer-expert-data-integration-h-f_grenoble
Data Engineer F/H,MBDA France,Le Plessis-Robinson,https://www.welcometothejungle.com/fr/companies/mbda-france-fr/jobs/data-engineer-f-h_le-plessis-robinson
Consultant MLOps Engineer Confirmé/Senior -  F/H/N,OCTO Technology,Paris,https://www.welcometothejungle.com/fr/companies/octo-technology/jobs/consultant-mlops-engineer-confirme-senior-f-h-n_paris_OT_Q7ZZWy2
Data Engineer - Intégration F/H,Padoa,Paris,https://www.welcometothejungle.com/fr/companies/padoa/jobs/data-engineer-trilingue-fr-en-de_paris
Analytics & Data Engineer (H/F),Alltricks,"Paris, Montigny-le-Bretonneux",https://www.welcometothejungle.com/fr/companies/alltricks/jobs/analytics-data-engineer-h-f
Senior Data Engineer (H/F) - CDI,École 42,Paris,https://www.welcometothejungle.com/fr/companies/association-42/jobs/senior-data-engineer-h-f-cdi_paris
Senior Analytics Engineer,Lenstra,Paris,https://www.welcometothejungle.com/fr/companies/lenstra/jobs/senior-analytics-engineer_paris_LENST_4D5QdDp
Data Software Engineering Manager F/H,Padoa,Paris,https://www.welcometothejungle.com/fr/companies/padoa/jobs/data-engineering-manager-f-h_paris
Data Engineer F/H,Safran Aircraft Engines,Réau,https://www.welcometothejungle.com/fr/companies/safran-aircraft-engines/jobs/data-engineer-f-h_villaroche
Data Engineer,Euronext,Paris,https://www.welcometothejungle.com/fr/companies/euronext/jobs/data-engineer_paris_EURON_X0Zm2W8
"Data Engineer – Systèmes distribués, Temps réel (H/F)",Direction Générale de la Sécurité Extérieure,Paris,https://www.welcometothejungle.com/fr/companies/dgse/jobs/data-engineer-systemes-distribues-temps-reel-h-f_paris
Data Operations Engineer Intern (M/F/X) - Paris,Crossbeam,Paris,https://www.welcometothejungle.com/fr/companies/reveal/jobs/data-operations-engineer-intern-m-f-x-paris_paris
Consultant Data Engineer / Big Data (H/F),MP DATA,Balma,https://www.welcometothejungle.com/fr/companies/mp-data/jobs/consultant-data-enginner-big-data-h-f_balma_MD_80Mm8ym
Stage - 6 mois - Data Engineer - Market Risks  - F/H,Natixis,Charenton-le-Pont,https://www.welcometothejungle.com/fr/companies/natixis/jobs/stage-6-mois-data-engineer-market-risks-f-h_charenton-le-pont
Data Ingénieur (F/H),ASI,Nantes,https://www.welcometothejungle.com/fr/companies/asi/jobs/data-ingenieur-f-h_nantes
Data Ingénieur (F/H),ASI,Rennes,https://www.welcometothejungle.com/fr/companies/asi/jobs/data-ingenieur-f-h_rennes_ASI_JjjxrdV
Data Engineer (H/F),Meritis,Biot,https://www.welcometothejungle.com/fr/companies/meritis/jobs/data-engineer-h-f_biot_MERIT_A6Q2L7d
Data engineer GCP (F/H),Meritis,Lille,https://www.welcometothejungle.com/fr/companies/meritis/jobs/data-engineer-gcp-h-f_lille
Data Engineer (H/F),Meritis,Paris,https://www.welcometothejungle.com/fr/companies/meritis/jobs/data-engineer-h-f_paris
Data Engineer (H/F),Thales,Rennes,https://www.welcometothejungle.com/fr/companies/thales/jobs/data-engineer-h-f_rennes_THALE_9ZQaJ2q
Data Engineer F/H,Letsignit,Marseille,https://www.welcometothejungle.com/fr/companies/letsignit/jobs/data-engineer-f-h_marseille
Senior Data Engineer,Lengow,Nantes,https://www.welcometothejungle.com/fr/companies/lengow/jobs/senior-data-engineer_nantes
Ingénieur Data & Performance Groupe F/H,Orano,Châtillon,https://www.welcometothejungle.com/fr/companies/orano/jobs/ingenieur-data-performance-groupe-f-h_chatillon
DataOps & DevOps Engineer - Confirmé·e,JAKALA,"Caen, Paris",https://www.welcometothejungle.com/fr/companies/jakala/jobs/dataops-devops-engineer
STAGE - Data Engineer F/H,Safran Aircraft Engines,Melun,https://www.welcometothejungle.com/fr/companies/safran-aircraft-engines/jobs/stage-data-engineer-f-h_montereau
Senior DataOps Engineer F/M,Betclic Group,Bordeaux,https://www.welcometothejungle.com/fr/companies/betclic/jobs/senior-dataops-engineer-f-m_bordeaux_BG_8RaO8W1
Data Engineer - Snowflake F/M,Betclic Group,Bordeaux,https://www.welcometothejungle.com/fr/companies/betclic/jobs/data-engineer-snowflake-f-m_bordeaux_BG_r7LdrAR
Senior Data Engineer,Bluecoders,Paris,https://www.welcometothejungle.com/fr/companies/bluecoders/jobs/senior-data-engineer_paris
Senior Analytics Engineer - Paris,Swile,Paris,https://www.welcometothejungle.com/fr/companies/swile/jobs/senior-analytics-engineer-paris_paris
Data Engineer,Capgemini,Lyon,https://www.welcometothejungle.com/fr/companies/capgemini/jobs/data-engineer_lyon_CAPGE_5xy3Zpr
Data Engineer / Analytics Engineer SENIOR,eXalt,Lille,https://www.welcometothejungle.com/fr/companies/exalt/jobs/data-engineer-analytics-engineer-senior_lille
Alternant(e) Ingénieur(e) IA & Data – Solutions de Sécurité,EDICIA,Nantes,https://www.welcometothejungle.com/fr/companies/edicia-1/jobs/alternant-ingenieur-ia-data-solutions-de-securite_nantes
Senior Analytics Engineer (All Genders),Dailymotion SA,Issy-les-Moulineaux,https://www.welcometothejungle.com/fr/companies/dailymotion/jobs/senior-analytics-engineer-all-genders_issy-les-moulineaux_DS_yjq58Ag
Senior Data Engineer F/H,Catalina France,Boulogne-Billancourt,https://www.welcometothejungle.com/fr/companies/catalina-france/jobs/senior-data-engineer-f-h_boulogne-billancourt
Senior Data Engineer F/H,JCDecaux,Neuilly-sur-Seine,https://www.welcometothejungle.com/fr/companies/jcdecaux/jobs/senior-data-engineer-f-h_neuilly-sur-seine
Data Engineer Cloud,Visian,Courbevoie,https://www.welcometothejungle.com/fr/companies/visian/jobs/data-engineer-cloud_courbevoie_VISIA_aoZG4GV
Data Engineer Azure,Visian,Courbevoie,https://www.welcometothejungle.com/fr/companies/visian/jobs/data-engineer-azure_courbevoie_VISIA_Ww9Pdm2
Consultant(e) Senior Machine Learning Engineer - F/H,CGI,Paris,https://www.welcometothejungle.com/fr/companies/cgi/jobs/consultant-confirme-machine-learning-engineer-f-h_paris
Data Engineer Spark / Scala - H/F,Talan,Nantes,https://www.welcometothejungle.com/fr/companies/talan/jobs/data-engineer-spark-scala-h-f_nantes
Data Engineer Splunk F/H,CGI,Toulouse,https://www.welcometothejungle.com/fr/companies/cgi/jobs/data-engineer-splunk-f-h_toulouse_CGI_aZbWjkr
Senior Data Engineer - Casablanca,Artefact,Paris,https://www.welcometothejungle.com/fr/companies/artefact/jobs/data-engineer_paris_ARTEF_NXwdAmL
Manager Data Engineer,Artefact,Paris,https://www.welcometothejungle.com/fr/companies/artefact/jobs/manager-data-engineer_paris
Junior Data Engineer - Casablanca,Artefact,Paris,https://www.welcometothejungle.com/fr/companies/artefact/jobs/junior-data-engineer-casablanca_paris
Data Engineer Pole BI F/H,Opteven,Villeurbanne,https://www.welcometothejungle.com/fr/companies/opteven/jobs/data-engineer-pole-bi-f-h_villeurbanne_OPTEV_1wbaOL6
Platform Engineer - Data Storage,Brevo,Paris,https://www.welcometothejungle.com/fr/companies/sendinblue/jobs/platform-engineer-data-storage_paris
Data Owner H/F,Assystem,Courbevoie,https://www.welcometothejungle.com/fr/companies/assystem-eos-energie-france/jobs/data-owner-h-f_courbevoie
Lead Data Engineer (H/F) – MPdata,MP DATA,Boulogne-Billancourt,https://www.welcometothejungle.com/fr/companies/mp-data/jobs/lead-data-engineer-h-f-mpdata_boulogne-billancourt
Lead Data Engineer H/F,Safran,Gonfreville-l'Orcher,https://www.welcometothejungle.com/fr/companies/safran/jobs/data-ingenieur-f-h_gonfreville-l-orcher
Data Engineer (IA/Géospatial) (H/F),Link Consulting,Toulouse,https://www.welcometothejungle.com/fr/companies/link-consulting/jobs/data-engineer-ia-geospatial-h-f_toulouse
Senior Data Engineer - Cloud Spécialiste H/F,Groupe SII,Le Mans,https://www.welcometothejungle.com/fr/companies/sii/jobs/senior-data-engineer-cloud-specialiste-h-f_le-mans
Data Analytics engineer,Visian,Courbevoie,https://www.welcometothejungle.com/fr/companies/visian/jobs/data-analytics-engineer_courbevoie_VISIA_byjx9V0
Data Engineer Senior F/H,Groupe Henner,Neuilly-sur-Seine,https://www.welcometothejungle.com/fr/companies/groupe-henner/jobs/data-engineer-senior-f-h_neuilly-sur-seine_GH_5NYYWJK
Ingénieur Data (H/F),Générale du Solaire,Paris,https://www.welcometothejungle.com/fr/companies/generale-du-solaire/jobs/ingenieur-data-h-f_paris
Data Analyst / Data Engineer (H/F),MOBILIS Family Office,Roubaix,https://www.welcometothejungle.com/fr/companies/mobilis-family-office/jobs/data-analyst-data-engineer-h-f_roubaix
Senior Data Engineer - Analytics (x/f/m),Doctolib,Paris,https://www.welcometothejungle.com/fr/companies/doctolib/jobs/senior-data-engineer-analytics-x-f-m_paris
Senior Analytics Engineer - BigQuery (x/f/m),Doctolib,Paris,https://www.welcometothejungle.com/fr/companies/doctolib/jobs/senior-analytics-engineer-gcp-x-f-m_paris
Data Engineering Manager  (x/f/m),Doctolib,Paris,https://www.welcometothejungle.com/fr/companies/doctolib/jobs/senior-data-engineering-manager-x-f-m_paris
BI Engineer F/M,Betclic Group,Bordeaux,https://www.welcometothejungle.com/fr/companies/betclic/jobs/bi-engineer-f-m_bordeaux_BG_VwloeLJ
Data Software Engineer,THE QUANTIC FACTORY,Paris,https://www.welcometothejungle.com/fr/companies/quanticfy/jobs/data-software-engineer_paris
AI Engineer (H/F),Gleamer,Paris,https://www.welcometothejungle.com/fr/companies/gleamer/jobs/ai-engineer-h-f_paris
Data Engineer GCP  (H/F),Tata Consultancy Services France- TCS,Lille,https://www.welcometothejungle.com/fr/companies/tata-consultancy-services/jobs/data-engineer-gcp-h-f_lille
Ingénieur pédagogique Data/IA- stage,JEDHA,Paris,https://www.welcometothejungle.com/fr/companies/jedha/jobs/ingenieur-pedagogique-data-ia-stage_paris
Machine Learning Engineer – Industrialisation des modèles (H/F),MP DATA,Paris,https://www.welcometothejungle.com/fr/companies/mp-data/jobs/machine-learning-engineer-industrialisation-des-modeles-h-f_paris
Data Engineer H/F,Expleo,Dunkerque,https://www.welcometothejungle.com/fr/companies/expleo/jobs/data-engineer-h-f_dunkerque_EXPLE_M25yOXe
Data Engineer - Services Financiers  F/H,CGI,Paris,https://www.welcometothejungle.com/fr/companies/cgi/jobs/data-engineer-services-financiers-f-h_paris
Data Engineer Databricks Senior - H/F - CDI,Talan,Paris,https://www.welcometothejungle.com/fr/companies/talan/jobs/big-data-engineer-databricks-senior-h-f-cdi_paris
Data Engineer Databricks confirmé - H/F - CDI,Talan,Paris,https://www.welcometothejungle.com/fr/companies/talan/jobs/big-data-engineer-databricks-confirme-h-f-cdi_paris
Data Engineer confirmé(e) Services Financiers Lille,Sopra Steria,Villeneuve-d'Ascq,https://www.welcometothejungle.com/fr/companies/sopra-steria/jobs/data-engineer-confirme-services-financiers-lille_villeneuve-d-ascq_SS_oz7w9KM
Lead Data Platform Engineer,Vizzia,Paris,https://www.welcometothejungle.com/fr/companies/vizzia/jobs/lead-data-platform-engineer_paris
Senior Data Engineer,Vizzia,Paris,https://www.welcometothejungle.com/fr/companies/vizzia/jobs/senior-data-engineer_paris
Data Analytics Engineer - Expert Azure & Microsoft Fabric- H/F (CDI),Talan,Paris,https://www.welcometothejungle.com/fr/companies/talan/jobs/consultant-bi-azure-data-engineer-h-f-cdi_paris
Tech Lead Big Data (F/H),La Banque Postale,Gradignan,https://www.welcometothejungle.com/fr/companies/la-banque-postale/jobs/tech-lead-big-data-f-h_gradignan
Data Engineer IA / MLOps F/H,La Sécurité Sociale,Saint-Priest,https://www.welcometothejungle.com/fr/companies/securitesociale/jobs/data-engineer-ia-mlops-f-h_lyon
Data Engineer IA / MLOps F/H,La Sécurité Sociale,Sannerville,https://www.welcometothejungle.com/fr/companies/securitesociale/jobs/data-engineer-ia-mlops-f-h_caen
Data Engineer Snowflake (H/F/NB),Keyrus,Levallois-Perret,https://www.welcometothejungle.com/fr/companies/keyrus/jobs/data-engineer-snowflake-h-f-nb_levallois-perret_KEYRU_2xbVm6O
Tech Lead Big Data (H/F/NB) - Paris,Keyrus,Levallois-Perret,https://www.welcometothejungle.com/fr/companies/keyrus/jobs/tech-lead-big-data-h-f-nb-paris_levallois-perret_KEYRU_lweXKaZ
[PROPULSE BY CA] Data Engineer / Analyst orienté IA,La Fabrique by CA,Paris,https://www.welcometothejungle.com/fr/companies/la-fabrique-by-ca/jobs/propulse-by-ca-data-engineer-analyst-oriente-ia_paris
Staff Data Platform Engineer (x/f/m),Doctolib,Nantes,https://www.welcometothejungle.com/fr/companies/doctolib/jobs/staff-dataops-engineer-x-f-m_nantes
[SFR] Tech Lead Big Data & Cloud (h/f),SFR - Altice France,Paris,https://www.welcometothejungle.com/fr/companies/altice-france/jobs/sfr-responsable-de-projets-h-f-pilotage-de-la-realisation_paris_SAF_lZpkwbK
Data Engineer,eXalt,Paris,https://www.welcometothejungle.com/fr/companies/exalt/jobs/data-engineer_paris
Analytics Engineer (RevOps),Stoïk,Paris,https://www.welcometothejungle.com/fr/companies/stoik/jobs/analytics-engineer-revops_paris
Analytics Engineer (H/F/X),Kolecto,Paris,https://www.welcometothejungle.com/fr/companies/kolecto/jobs/analytics-engineer-h-f-x_paris
Tech Lead Cloud & Data Engineer (F/H),Talan,Lille,https://www.welcometothejungle.com/fr/companies/talan/jobs/tech-lead-cloud-data-engineer-f-h_lille
Data Engineer IA / MLOps F/H,La Sécurité Sociale,Toulouse,https://www.welcometothejungle.com/fr/companies/securitesociale/jobs/data-engineer-ia-mlops-f-h_toulouse
Data Engineer IA / MLOps F/H,La Sécurité Sociale,Montreuil,https://www.welcometothejungle.com/fr/companies/securitesociale/jobs/data-engineer-ia-mlops-f-h_montreuil
Geospatial Data Engineer,AXA Climate,Paris,https://www.welcometothejungle.com/fr/companies/axa-climate/jobs/geospatial-data-engineer_paris
Data Scientist / ML Engineer,Coface,Bois-Colombes,https://www.welcometothejungle.com/fr/companies/coface/jobs/data-scientist-ml-engineer_bois-colombes_COFAC_56rkY3M
Confirmed Software Engineer - Oriented Data,Implicity,Paris,https://www.welcometothejungle.com/fr/companies/implicity/jobs/senior-software-engineer-oriented-data-platform_paris
Senior Data Scientist / AI Engineer,Mendo,Paris,https://www.welcometothejungle.com/fr/companies/mendo-1/jobs/senior-data-scientist-ai-engineer_paris
Senior Data Scientist/ML Engineer - Biostats,Bluecoders,Paris,https://www.welcometothejungle.com/fr/companies/bluecoders/jobs/senior-data-scientist-ml-engineer-biostats_paris
Senior ML / AI Engineer - Team Data (H/F),WINAMAX,Paris,https://www.welcometothejungle.com/fr/companies/winamax/jobs/ai-ml-engineer-equipe-data_paris
Senior Data Analyst / Analytics Engineer,Emeria Technologies,Paris,https://www.welcometothejungle.com/fr/companies/emeria/jobs/senior-data-analyst-analytics-engineer_paris
"Data & DevOps Engineer – IA, Automatisation & Infra Cloud",Legalstart,Paris,https://www.welcometothejungle.com/fr/companies/legalstart/jobs/data-devops-engineer-ia-pipelines-automatisation-infra-cloud_paris
Lead Software Engineer Java – Data & AI Smart Digital platform,Wake It Up,Paris,https://www.welcometothejungle.com/fr/companies/wake-it-up/jobs/lead-software-engineer-java-data-ai-smart-digital-platform_paris_WIU_q9aVZLg
Consultant·e Data Scientist & AI Engineer - Senior,Saegus,Paris,https://www.welcometothejungle.com/fr/companies/saegus/jobs/consultant-e-data-scientist-ai-engineer-senior_paris_SAEGU_78Jq27L
CDI - GenAI Engineer (Paris),Matera,Paris,https://www.welcometothejungle.com/fr/companies/matera/jobs/cdi-genai-engineer-paris_paris
Data Scientist NLP/LLM Engineer confirmé(e) (H/F),MP DATA,Paris,https://www.welcometothejungle.com/fr/companies/mp-data/jobs/llm-engineer-confirme-h-f_paris
Research Engineer/Postdoc - Bioinformatics and Data Analysis (M/F),Institut Imagine,Paris,https://www.welcometothejungle.com/fr/companies/institut-imagine/jobs/research-engineer-postdoc-bioinformatics-and-data-analysis-m-f_paris_II_QmyM6Qw
CDI - Machine Learning Engineer (H/F) – GenAI & Data Platform,Bankin',Paris,https://www.welcometothejungle.com/fr/companies/bankin/jobs/cdi-machine-learning-engineer-h-f-genai-data-platform_paris
Lead Data driven Manufacturing F/H,Accenture France,Paris,https://www.welcometothejungle.com/fr/companies/accenture-france/jobs/lead-data-driven-manufacturing-f-h_paris
Machine Learning Engineer  (H/F) | Stage,Datascientest,Puteaux,https://www.welcometothejungle.com/fr/companies/datascientest/jobs/machine-learning-engineer-formateur-h-f-stage_puteaux
Senior AI Engineer (CDI),muchbetter.ai,Paris,https://www.welcometothejungle.com/fr/companies/muchbetter-ai/jobs/ai-engineer-experimente-cdi_paris
Machine Learning Engineer – Practice IA MARGO,MARGO,Paris,https://www.welcometothejungle.com/fr/companies/margo/jobs/machine-learning-engineer-practice-ia-margo_paris
AI Engineer (GenAI & LLM) – Practice IA MARGO,MARGO,Paris,https://www.welcometothejungle.com/fr/companies/margo/jobs/ai-engineer-genai-llm-practice-ia-margo_paris_MARGO_mNQo1KJ
Machine Learning Engineer - Team Search (F/N/H),Leboncoin,Paris,https://www.welcometothejungle.com/fr/companies/leboncoin/jobs/machine-learning-engineer-team-search-f-n-h_paris
Machine Learning Engineer (F/N/H),Leboncoin,Paris,https://www.welcometothejungle.com/fr/companies/leboncoin/jobs/machine-learning-engineer-f-n-h_paris
Machine Learning Engineer - Stage,Lifen,Paris,https://www.welcometothejungle.com/fr/companies/lifen/jobs/machine-learning-engineer-stage_paris_LIFEN_yjV4A17
Intern Machine Learning Engineer - Recommender Systems (All Genders),Dailymotion SA,Issy-les-Moulineaux,https://www.welcometothejungle.com/fr/companies/dailymotion/jobs/intern-machine-learning-engineer-recommender-systems-all-genders_issy-les-moulineaux
Machine Learning Operations Engineer F/H,NTT DATA,Antony,https://www.welcometothejungle.com/fr/companies/ntt-ltd/jobs/machine-learning-operations-engineer-f-h_antony_ND_k89232w
Ingénieur Qualité Électrique - Data Center F/H,B-HIVE,Nanterre,https://www.welcometothejungle.com/fr/companies/b-hive-engineering/jobs/ingenieur-qualite-electrique-data-center-f-h_paris
Agentic AI Engineer (LILLE),Nolej,Lille,https://www.welcometothejungle.com/fr/companies/nolej-1/jobs/agentic-ai-engineer_tourcoing
Senior Machine Learning Engineer,Dynatrace,Boulogne-Billancourt,https://www.welcometothejungle.com/fr/companies/dynatrace/jobs/sr-software-engineer_paris
Consultant AI Engineer Senior - F/H/N,OCTO Technology,Paris,https://www.welcometothejungle.com/fr/companies/octo-technology/jobs/consultant-senior-data-scientist-genai-f-h-n_paris
Consultant.e Machine Learning engineer Senior,Kanbios,Paris,https://www.welcometothejungle.com/fr/companies/kanbios/jobs/consultant-e-machine-learning-engineer-confirme-e_paris
Stage Software Engineer - Paris,Artefact,Paris,https://www.welcometothejungle.com/fr/companies/artefact/jobs/intern-software-engineer-paris_paris_ARTEF_ZY82Lgy
Machine Learning Engineer H/F,NEXTON,Bordeaux,https://www.welcometothejungle.com/fr/companies/nexton-consulting/jobs/machine-learning-engineer-h-f_bordeaux_NEXTO_V0boJYJ
"Applied AI, Forward Deployed Machine Learning Engineer - (Internship)",Mistral Ai,Paris,https://www.welcometothejungle.com/fr/companies/mistral-ai/jobs/applied-ai-engineer-paris-internship_paris
Machine Learning Engineer,Tilt Energy,Paris,https://www.welcometothejungle.com/fr/companies/tilt-energy/jobs/machine-learning-engineer_paris
Confirmed GenAI Engineer,Craft AI,Paris,https://www.welcometothejungle.com/fr/companies/craft-ai/jobs/confirmed-data-scientist_paris
Applied ML/AI Engineer - Monitoring,Sifflet,Paris,https://www.welcometothejungle.com/fr/companies/sifflet/jobs/applied-ml-ai-engineer-monitoring_paris
AI Operations Engineer,Spendesk,"Barcelona, London, Paris",https://www.welcometothejungle.com/fr/companies/spendesk/jobs/ai-operations-specialist_paris_SPEND_kGeM2K2
Consultant Senior ML Engineer,Talan,Paris,https://www.welcometothejungle.com/fr/companies/talan/jobs/consultant-senior-ml-engineer_paris
Senior ML Engineer - F/H,ChapsVision,Paris,https://www.welcometothejungle.com/fr/companies/chapsvision/jobs/ml-engineer-f-h_paris
Ingénieur(e) Support & Exploitation Data Lake - service public / transport - Île-de-France,Sopra Steria,Courbevoie,https://www.welcometothejungle.com/fr/companies/sopra-steria/jobs/ingenieur-support-exploitation-data-lake-service-public-transport-ile-de-france_courbevoie
Lead AI Engineer (F/H/NB),Gutenberg Technology,Montreuil,https://www.welcometothejungle.com/fr/companies/gutenberg-technology/jobs/ai-engineer_montreuil
Expert(e) Cloud Data,Sharp DX (ex Apsia),Paris,https://www.welcometothejungle.com/fr/companies/apsia/jobs/expert-cloud-data_paris_APSIA_KxxRVJ3
Network Technical Services Implementation Engineer (L3),NTT DATA,Paris,https://www.welcometothejungle.com/fr/companies/ntt-ltd/jobs/network-technical-services-implementation-engineer-l3_paris_ND_GA6mV47
CEPH Backup and Storage Engineer,NTT DATA,Strasbourg,https://www.welcometothejungle.com/fr/companies/ntt-ltd/jobs/ceph-backup-and-storage-engineer_strasbourg
Stage - MLOps Engineer (H/F),Safran.AI (ex-Preligens),Paris,https://www.welcometothejungle.com/fr/companies/safran-ai/jobs/stage-mlops-engineer-h-f_paris
Senior AI Engineer,JEDHA,Paris,https://www.welcometothejungle.com/fr/companies/jedha/jobs/senior-ai-engineer_paris
Junior Solutions Engineer (Founders’ Track),Streem Energy,Paris,https://www.welcometothejungle.com/fr/companies/streem-energy/jobs/junior-solutions-engineer-founders-track_paris_SE_q8eqJ55
Lead AI Engineer (F/H),Carrefour,Massy,https://www.welcometothejungle.com/fr/companies/carrefour/jobs/lead-ai-engineer-f-h_massy_CARRE_8gz4D0L
CDI - Senior AI Engineer - Edtech à Impact (H/F),My Job Glasses,Paris,https://www.welcometothejungle.com/fr/companies/my-job-glasses/jobs/cdi-ia-engineer-edtech-a-impact_paris
ML / MLOps Engineer - Confirmé·e,JAKALA,"Caen, Paris",https://www.welcometothejungle.com/fr/companies/jakala/jobs/ml-mlops-engineer-confirme-e-cdi-paris-ou-caen_JAKAL_a5r9Z6J
AI Engineer H/F/X,Hager Group,Obernai,https://www.welcometothejungle.com/fr/companies/hager-group/jobs/ai-engineer-h-f-x_obernai_HG_dYlJ7Yk
Experte / Expert courants forts - Data Centers,Artelia,Saint-Ouen-sur-Seine,https://www.welcometothejungle.com/fr/companies/artelia/jobs/experte-expert-courants-forts-data-centers_saint-ouen-sur-seine_ARTEL_wMXGJYd
Stage Data SQL BI IA LLM - Dev SaaS Communautaire CRM,AlumnForce - Alumni Success Platform,Paris,https://www.welcometothejungle.com/fr/companies/alumnforce/jobs/stage-data-sql-bi-ia-llm-dev-saas-communautaire-crm_paris
Senior Machine Learning Engineer,Paylead,Paris,https://www.welcometothejungle.com/fr/companies/paylead/jobs/confirmed-machine-learning-engineer_paris
Stage - GenAI Engineer : l'IA au service du business F/H/N,OCTO Technology,Paris,https://www.welcometothejungle.com/fr/companies/octo-technology/jobs/stage-gen-ai-engineer-f-h-n_paris
Ingénieur Conception CVC - Data Center (H/F),Metiga,Lyon,https://www.welcometothejungle.com/fr/companies/metiga/jobs/ingenieur-conception-cvc-data-center-h-f_lyon_METIG_M2KQeNQ
Senior Staff Machine Learning Engineer - Clinical - AI Teams (x/f/m),Doctolib,Paris,https://www.welcometothejungle.com/fr/companies/doctolib/jobs/senior-staff-machine-learning-engineer-clinical-x-f-m_paris
"AI Engineer, Product",Mistral Ai,Paris,https://www.welcometothejungle.com/fr/companies/mistral-ai/jobs/ai-engineer-product_paris
Senior ML Ops Engineer (x/f/m),Doctolib,Paris,https://www.welcometothejungle.com/fr/companies/doctolib/jobs/senior-ml-ops-engineer-x-f-m_paris_DOCTO_JjPZNLQ
Security Engineer (Vulnerability Management),NTT DATA,Strasbourg,https://www.welcometothejungle.com/fr/companies/ntt-ltd/jobs/security-engineer-vulnerability-management_strasbourg
Machine Learning Engineer,Modjo,Paris,https://www.welcometothejungle.com/fr/companies/modjo/jobs/machine-learning-engineer_paris
Applied Scientist / Research Engineer - Edge Devices and Quantization - EMEA,Mistral Ai,Paris,https://www.welcometothejungle.com/fr/companies/mistral-ai/jobs/applied-scientist-research-engineer-edge-devices-and-quantization-emea_paris
Applied Scientist / Research Engineer - Time Series - EMEA,Mistral Ai,Paris,https://www.welcometothejungle.com/fr/companies/mistral-ai/jobs/applied-scientist-research-engineer-time-series-emea_paris
Junior GenAI Engineer - Paris,OVRSEA,Paris,https://www.welcometothejungle.com/fr/companies/ovrsea/jobs/junior-genai-engineer-paris_paris
Data Scientist IA – Développeur Machine Learning H/F,Groupe Crédit Agricole,Villejuif,https://www.welcometothejungle.com/fr/companies/groupe-credit-agricole/jobs/data-scientist-ia-developpeur-machine-learning-h-f_villejuif
STAGE - Assistant AI Engineer - Développement de systèmes RAG agentiques H/F,Groupe Crédit Agricole,Montrouge,https://www.welcometothejungle.com/fr/companies/groupe-credit-agricole/jobs/stage-assistant-ai-engineer-developpement-de-systemes-rag-agentiques-h-f_montrouge
Infrastructure & Storage Engineer,NTT DATA,Strasbourg,https://www.welcometothejungle.com/fr/companies/ntt-ltd/jobs/infrastructure-storage-engineer_strasbourg
ML Ops/Engineer,SkillCorner,Paris,https://www.welcometothejungle.com/fr/companies/skillcorner/jobs/ml-engineer_paris
Machine Learning Operations Engineer F/H,NTT DATA,Antony,https://www.welcometothejungle.com/fr/companies/ntt-ltd/jobs/machine-learning-operations-engineer-f-h_antony
Senior AI Engineer,Naboo,Paris,https://www.welcometothejungle.com/fr/companies/naboo/jobs/senior-ai-engineer_paris
Stage Ingénieur Environnement & Data H/F,Sage Engineers,Levallois-Perret,https://www.welcometothejungle.com/fr/companies/sage-engineers/jobs/stage-ingenieur-projet-environnement-datas_levallois-perret
Stage FE - Software Engineer Full stack  (H-F),Arcane,Paris,https://www.welcometothejungle.com/fr/companies/arcane/jobs/stage-fe-software-engineer-full-stack-h-f_paris_ARCAN_DqjO9A0
ML Engineer,Fleetiz,Lyon,https://www.welcometothejungle.com/fr/companies/fleetiz/jobs/ml-engineer_lyon
Senior AI Engineer,Sonio,Paris,https://www.welcometothejungle.com/fr/companies/sonio/jobs/senior-ai-engineer_paris
Senior Software Engineer,Artefact,Paris,https://www.welcometothejungle.com/fr/companies/artefact/jobs/senior-software-engineer_paris
Consultant Senior Data / IA H/F,Bartle,Paris,https://www.welcometothejungle.com/fr/companies/bartle/jobs/consultant-senior-data-ia-h-f_paris-17e-arrondissement
Développeur·se Cloud & Data AWS Serverless,Meedz,Paris,https://www.welcometothejungle.com/fr/companies/meedz/jobs/developpeur-se-cloud-data-aws-serverless_paris
"Applied AI, Technical Lead, Forward Deployed AI Engineer - EMEA",Mistral Ai,Paris,https://www.welcometothejungle.com/fr/companies/mistral-ai/jobs/applied-ai-technical-lead-forward-deployed-ai-engineer-emea_paris
